key_id,goal_id,tournament_id,tournament_name,match_id,match_name,match_date,stage_name,group_name,team_id,team_name,team_code,home_team,away_team,player_id,family_name,given_name,shirt_number,player_team_id,player_team_name,player_team_code,minute_label,minute_regulation,minute_stoppage,match_period,own_goal,penalty
3466,G-3466,WC-2022,2022 FIFA Men's World Cup,M-2022-01,Qatar vs Ecuador,2022-11-20,group stage,Group A,T-25,Ecuador,ECU,0,1,P-75912,Valencia,Enner,13,T-25,Ecuador,ECU,16',16,0,first half,0,1
3467,G-3467,WC-2022,2022 FIFA Men's World Cup,M-2022-01,Qatar vs Ecuador,2022-11-20,group stage,Group A,T-25,Ecuador,ECU,0,1,P-75912,Valencia,Enner,13,T-25,Ecuador,ECU,31',31,0,first half,0,0
3468,G-3468,WC-2022,2022 FIFA Men's World Cup,M-2022-02,England vs Iran,2022-11-21,group stage,Group B,T-28,England,ENG,1,0,P-15674,Bellingham,Jude,22,T-28,England,ENG,35',35,0,first half,0,0
3469,G-3469,WC-2022,2022 FIFA Men's World Cup,M-2022-02,England vs Iran,2022-11-21,group stage,Group B,T-28,England,ENG,1,0,P-76842,Saka,Bukayo,17,T-28,England,ENG,43',43,0,first half,0,0
3470,G-3470,WC-2022,2022 FIFA Men's World Cup,M-2022-02,England vs Iran,2022-11-21,group stage,Group B,T-28,England,ENG,1,0,P-21553,Sterling,Raheem,10,T-28,England,ENG,45'+1',45,1,"first half, stoppage time",0,0
3471,G-3471,WC-2022,2022 FIFA Men's World Cup,M-2022-02,England vs Iran,2022-11-21,group stage,Group B,T-28,England,ENG,1,0,P-76842,Saka,Bukayo,17,T-28,England,ENG,62',62,0,second half,0,0
3472,G-3472,WC-2022,2022 FIFA Men's World Cup,M-2022-02,England vs Iran,2022-11-21,group stage,Group B,T-38,Iran,IRN,0,1,P-85860,Taremi,Mehdi,9,T-38,Iran,IRN,65',65,0,second half,0,0
3473,G-3473,WC-2022,2022 FIFA Men's World Cup,M-2022-02,England vs Iran,2022-11-21,group stage,Group B,T-28,England,ENG,1,0,P-59837,Rashford,Marcus,11,T-28,England,ENG,71',71,0,second half,0,0
3474,G-3474,WC-2022,2022 FIFA Men's World Cup,M-2022-02,England vs Iran,2022-11-21,group stage,Group B,T-28,England,ENG,1,0,P-21153,Grealish,Jack,7,T-28,England,ENG,90',90,0,second half,0,0
3475,G-3475,WC-2022,2022 FIFA Men's World Cup,M-2022-02,England vs Iran,2022-11-21,group stage,Group B,T-38,Iran,IRN,0,1,P-85860,Taremi,Mehdi,9,T-38,Iran,IRN,90'+13',90,13,"second half, stoppage time",0,1
3476,G-3476,WC-2022,2022 FIFA Men's World Cup,M-2022-03,Senegal vs Netherlands,2022-11-21,group stage,Group A,T-48,Netherlands,NLD,0,1,P-28911,Gakpo,Cody,8,T-48,Netherlands,NLD,84',84,0,second half,0,0
3477,G-3477,WC-2022,2022 FIFA Men's World Cup,M-2022-03,Senegal vs Netherlands,2022-11-21,group stage,Group A,T-48,Netherlands,NLD,0,1,P-42078,Klaassen,Davy,14,T-48,Netherlands,NLD,90'+9',90,9,"second half, stoppage time",0,0
3478,G-3478,WC-2022,2022 FIFA Men's World Cup,M-2022-04,United States vs Wales,2022-11-21,group stage,Group B,T-83,United States,USA,1,0,P-30252,Weah,Timothy,21,T-83,United States,USA,36',36,0,first half,0,0
3479,G-3479,WC-2022,2022 FIFA Men's World Cup,M-2022-04,United States vs Wales,2022-11-21,group stage,Group B,T-85,Wales,WAL,0,1,P-63927,Bale,Gareth,11,T-85,Wales,WAL,82',82,0,second half,0,1
3480,G-3480,WC-2022,2022 FIFA Men's World Cup,M-2022-05,Argentina vs Saudi Arabia,2022-11-22,group stage,Group C,T-03,Argentina,ARG,1,0,P-14758,Messi,Lionel,10,T-03,Argentina,ARG,10',10,0,first half,0,1
3481,G-3481,WC-2022,2022 FIFA Men's World Cup,M-2022-05,Argentina vs Saudi Arabia,2022-11-22,group stage,Group C,T-63,Saudi Arabia,SAU,0,1,P-37308,Al-Shehri,Saleh,11,T-63,Saudi Arabia,SAU,48',48,0,second half,0,0
3482,G-3482,WC-2022,2022 FIFA Men's World Cup,M-2022-05,Argentina vs Saudi Arabia,2022-11-22,group stage,Group C,T-63,Saudi Arabia,SAU,0,1,P-70583,Al-Dawsari,Salem,10,T-63,Saudi Arabia,SAU,53',53,0,second half,0,0
3483,G-3483,WC-2022,2022 FIFA Men's World Cup,M-2022-08,France vs Australia,2022-11-22,group stage,Group D,T-04,Australia,AUS,0,1,P-82010,Goodwin,Craig,23,T-04,Australia,AUS,9',9,0,first half,0,0
3484,G-3484,WC-2022,2022 FIFA Men's World Cup,M-2022-08,France vs Australia,2022-11-22,group stage,Group D,T-30,France,FRA,1,0,P-57401,Rabiot,Adrien,14,T-30,France,FRA,27',27,0,first half,0,0
3485,G-3485,WC-2022,2022 FIFA Men's World Cup,M-2022-08,France vs Australia,2022-11-22,group stage,Group D,T-30,France,FRA,1,0,P-89750,Giroud,Olivier,9,T-30,France,FRA,32',32,0,first half,0,0
3486,G-3486,WC-2022,2022 FIFA Men's World Cup,M-2022-08,France vs Australia,2022-11-22,group stage,Group D,T-30,France,FRA,1,0,P-64077,Mbappé,Kylian,10,T-30,France,FRA,68',68,0,second half,0,0
3487,G-3487,WC-2022,2022 FIFA Men's World Cup,M-2022-08,France vs Australia,2022-11-22,group stage,Group D,T-30,France,FRA,1,0,P-89750,Giroud,Olivier,9,T-30,France,FRA,71',71,0,second half,0,0
3488,G-3488,WC-2022,2022 FIFA Men's World Cup,M-2022-10,Germany vs Japan,2022-11-23,group stage,Group E,T-31,Germany,DEU,1,0,P-08896,Gündoğan,İlkay,21,T-31,Germany,DEU,33',33,0,first half,0,1
3489,G-3489,WC-2022,2022 FIFA Men's World Cup,M-2022-10,Germany vs Japan,2022-11-23,group stage,Group E,T-44,Japan,JPN,0,1,P-58907,Dōan,Ritsu,8,T-44,Japan,JPN,75',75,0,second half,0,0
3490,G-3490,WC-2022,2022 FIFA Men's World Cup,M-2022-10,Germany vs Japan,2022-11-23,group stage,Group E,T-44,Japan,JPN,0,1,P-46913,Asano,Takuma,18,T-44,Japan,JPN,83',83,0,second half,0,0
3491,G-3491,WC-2022,2022 FIFA Men's World Cup,M-2022-11,Spain vs Costa Rica,2022-11-23,group stage,Group E,T-73,Spain,ESP,1,0,P-40007,Olmo,Dani,21,T-73,Spain,ESP,11',11,0,first half,0,0
3492,G-3492,WC-2022,2022 FIFA Men's World Cup,M-2022-11,Spain vs Costa Rica,2022-11-23,group stage,Group E,T-73,Spain,ESP,1,0,P-09400,Asensio,Marco,10,T-73,Spain,ESP,21',21,0,first half,0,0
3493,G-3493,WC-2022,2022 FIFA Men's World Cup,M-2022-11,Spain vs Costa Rica,2022-11-23,group stage,Group E,T-73,Spain,ESP,1,0,P-31301,Torres,Ferran,11,T-73,Spain,ESP,31',31,0,first half,0,1
3494,G-3494,WC-2022,2022 FIFA Men's World Cup,M-2022-11,Spain vs Costa Rica,2022-11-23,group stage,Group E,T-73,Spain,ESP,1,0,P-31301,Torres,Ferran,11,T-73,Spain,ESP,54',54,0,second half,0,0
3495,G-3495,WC-2022,2022 FIFA Men's World Cup,M-2022-11,Spain vs Costa Rica,2022-11-23,group stage,Group E,T-73,Spain,ESP,1,0,P-88433,Gavi,not applicable,9,T-73,Spain,ESP,74',74,0,second half,0,0
3496,G-3496,WC-2022,2022 FIFA Men's World Cup,M-2022-11,Spain vs Costa Rica,2022-11-23,group stage,Group E,T-73,Spain,ESP,1,0,P-30405,Soler,Carlos,19,T-73,Spain,ESP,90',90,0,second half,0,0
3497,G-3497,WC-2022,2022 FIFA Men's World Cup,M-2022-11,Spain vs Costa Rica,2022-11-23,group stage,Group E,T-73,Spain,ESP,1,0,P-29274,Morata,Álvaro,7,T-73,Spain,ESP,90'+2',90,2,"second half, stoppage time",0,0
3498,G-3498,WC-2022,2022 FIFA Men's World Cup,M-2022-12,Belgium vs Canada,2022-11-23,group stage,Group F,T-06,Belgium,BEL,1,0,P-13975,Batshuayi,Michy,23,T-06,Belgium,BEL,44',44,0,first half,0,0
3499,G-3499,WC-2022,2022 FIFA Men's World Cup,M-2022-13,Switzerland vs Cameroon,2022-11-24,group stage,Group G,T-75,Switzerland,CHE,1,0,P-19075,Embolo,Breel,7,T-75,Switzerland,CHE,48',48,0,second half,0,0
3500,G-3500,WC-2022,2022 FIFA Men's World Cup,M-2022-15,Portugal vs Ghana,2022-11-24,group stage,Group H,T-58,Portugal,PRT,1,0,P-70442,Ronaldo,Cristiano,7,T-58,Portugal,PRT,65',65,0,second half,0,1
3501,G-3501,WC-2022,2022 FIFA Men's World Cup,M-2022-15,Portugal vs Ghana,2022-11-24,group stage,Group H,T-32,Ghana,GHA,0,1,P-01945,Ayew,André,10,T-32,Ghana,GHA,73',73,0,second half,0,0
3502,G-3502,WC-2022,2022 FIFA Men's World Cup,M-2022-15,Portugal vs Ghana,2022-11-24,group stage,Group H,T-58,Portugal,PRT,1,0,P-17931,Félix,João,11,T-58,Portugal,PRT,78',78,0,second half,0,0
3503,G-3503,WC-2022,2022 FIFA Men's World Cup,M-2022-15,Portugal vs Ghana,2022-11-24,group stage,Group H,T-58,Portugal,PRT,1,0,P-27349,Leão,Rafael,15,T-58,Portugal,PRT,80',80,0,second half,0,0
3504,G-3504,WC-2022,2022 FIFA Men's World Cup,M-2022-15,Portugal vs Ghana,2022-11-24,group stage,Group H,T-32,Ghana,GHA,0,1,P-72363,Bukari,Osman,11,T-32,Ghana,GHA,89',89,0,second half,0,0
3505,G-3505,WC-2022,2022 FIFA Men's World Cup,M-2022-16,Brazil vs Serbia,2022-11-24,group stage,Group G,T-09,Brazil,BRA,1,0,P-68016,Richarlison,not applicable,9,T-09,Brazil,BRA,62',62,0,second half,0,0
3506,G-3506,WC-2022,2022 FIFA Men's World Cup,M-2022-16,Brazil vs Serbia,2022-11-24,group stage,Group G,T-09,Brazil,BRA,1,0,P-68016,Richarlison,not applicable,9,T-09,Brazil,BRA,73',73,0,second half,0,0
3507,G-3507,WC-2022,2022 FIFA Men's World Cup,M-2022-17,Wales vs Iran,2022-11-25,group stage,Group B,T-38,Iran,IRN,0,1,P-98747,Cheshmi,Rouzbeh,15,T-38,Iran,IRN,90'+8',90,8,"second half, stoppage time",0,0
3508,G-3508,WC-2022,2022 FIFA Men's World Cup,M-2022-17,Wales vs Iran,2022-11-25,group stage,Group B,T-38,Iran,IRN,0,1,P-47137,Rezaeian,Ramin,23,T-38,Iran,IRN,90'+11',90,11,"second half, stoppage time",0,0
3509,G-3509,WC-2022,2022 FIFA Men's World Cup,M-2022-18,Qatar vs Senegal,2022-11-25,group stage,Group A,T-65,Senegal,SEN,0,1,P-33622,Dia,Boulaye,9,T-65,Senegal,SEN,41',41,0,first half,0,0
3510,G-3510,WC-2022,2022 FIFA Men's World Cup,M-2022-18,Qatar vs Senegal,2022-11-25,group stage,Group A,T-65,Senegal,SEN,0,1,P-27280,Diédhiou,Famara,19,T-65,Senegal,SEN,48',48,0,second half,0,0
3511,G-3511,WC-2022,2022 FIFA Men's World Cup,M-2022-18,Qatar vs Senegal,2022-11-25,group stage,Group A,T-59,Qatar,QAT,1,0,P-17048,Muntari,Mohammed,9,T-59,Qatar,QAT,78',78,0,second half,0,0
3512,G-3512,WC-2022,2022 FIFA Men's World Cup,M-2022-18,Qatar vs Senegal,2022-11-25,group stage,Group A,T-65,Senegal,SEN,0,1,P-88928,Dieng,Bamba,20,T-65,Senegal,SEN,84',84,0,second half,0,0
3513,G-3513,WC-2022,2022 FIFA Men's World Cup,M-2022-19,Netherlands vs Ecuador,2022-11-25,group stage,Group A,T-48,Netherlands,NLD,1,0,P-28911,Gakpo,Cody,8,T-48,Netherlands,NLD,6',6,0,first half,0,0
3514,G-3514,WC-2022,2022 FIFA Men's World Cup,M-2022-19,Netherlands vs Ecuador,2022-11-25,group stage,Group A,T-25,Ecuador,ECU,0,1,P-75912,Valencia,Enner,13,T-25,Ecuador,ECU,49',49,0,second half,0,0
3515,G-3515,WC-2022,2022 FIFA Men's World Cup,M-2022-21,Tunisia vs Australia,2022-11-26,group stage,Group D,T-04,Australia,AUS,0,1,P-91029,Duke,Mitchell,15,T-04,Australia,AUS,23',23,0,first half,0,0
3516,G-3516,WC-2022,2022 FIFA Men's World Cup,M-2022-22,Poland vs Saudi Arabia,2022-11-26,group stage,Group C,T-57,Poland,POL,1,0,P-32165,Zieliński,Piotr,20,T-57,Poland,POL,39',39,0,first half,0,0
3517,G-3517,WC-2022,2022 FIFA Men's World Cup,M-2022-22,Poland vs Saudi Arabia,2022-11-26,group stage,Group C,T-57,Poland,POL,1,0,P-00549,Lewandowski,Robert,9,T-57,Poland,POL,82',82,0,second half,0,0
3518,G-3518,WC-2022,2022 FIFA Men's World Cup,M-2022-23,France vs Denmark,2022-11-26,group stage,Group D,T-30,France,FRA,1,0,P-64077,Mbappé,Kylian,10,T-30,France,FRA,61',61,0,second half,0,0
3519,G-3519,WC-2022,2022 FIFA Men's World Cup,M-2022-23,France vs Denmark,2022-11-26,group stage,Group D,T-22,Denmark,DNK,0,1,P-18923,Christensen,Andreas,6,T-22,Denmark,DNK,68',68,0,second half,0,0
3520,G-3520,WC-2022,2022 FIFA Men's World Cup,M-2022-23,France vs Denmark,2022-11-26,group stage,Group D,T-30,France,FRA,1,0,P-64077,Mbappé,Kylian,10,T-30,France,FRA,86',86,0,second half,0,0
3521,G-3521,WC-2022,2022 FIFA Men's World Cup,M-2022-24,Argentina vs Mexico,2022-11-26,group stage,Group C,T-03,Argentina,ARG,1,0,P-14758,Messi,Lionel,10,T-03,Argentina,ARG,64',64,0,second half,0,0
3522,G-3522,WC-2022,2022 FIFA Men's World Cup,M-2022-24,Argentina vs Mexico,2022-11-26,group stage,Group C,T-03,Argentina,ARG,1,0,P-10739,Fernández,Enzo,24,T-03,Argentina,ARG,87',87,0,second half,0,0
3523,G-3523,WC-2022,2022 FIFA Men's World Cup,M-2022-25,Japan vs Costa Rica,2022-11-27,group stage,Group E,T-17,Costa Rica,CRI,0,1,P-80986,Fuller,Keysher,4,T-17,Costa Rica,CRI,81',81,0,second half,0,0
3524,G-3524,WC-2022,2022 FIFA Men's World Cup,M-2022-26,Belgium vs Morocco,2022-11-27,group stage,Group F,T-47,Morocco,MAR,0,1,P-26068,Saïss,Romain,6,T-47,Morocco,MAR,73',73,0,second half,0,0
3525,G-3525,WC-2022,2022 FIFA Men's World Cup,M-2022-26,Belgium vs Morocco,2022-11-27,group stage,Group F,T-47,Morocco,MAR,0,1,P-48295,Aboukhlal,Zakaria,14,T-47,Morocco,MAR,90'+2',90,2,"second half, stoppage time",0,0
3526,G-3526,WC-2022,2022 FIFA Men's World Cup,M-2022-27,Croatia vs Canada,2022-11-27,group stage,Group F,T-12,Canada,CAN,0,1,P-46358,Davies,Alphonso,19,T-12,Canada,CAN,2',2,0,first half,0,0
3527,G-3527,WC-2022,2022 FIFA Men's World Cup,M-2022-27,Croatia vs Canada,2022-11-27,group stage,Group F,T-18,Croatia,HRV,1,0,P-65182,Kramarić,Andrej,9,T-18,Croatia,HRV,36',36,0,first half,0,0
3528,G-3528,WC-2022,2022 FIFA Men's World Cup,M-2022-27,Croatia vs Canada,2022-11-27,group stage,Group F,T-18,Croatia,HRV,1,0,P-31643,Livaja,Marko,14,T-18,Croatia,HRV,44',44,0,first half,0,0
3529,G-3529,WC-2022,2022 FIFA Men's World Cup,M-2022-27,Croatia vs Canada,2022-11-27,group stage,Group F,T-18,Croatia,HRV,1,0,P-65182,Kramarić,Andrej,9,T-18,Croatia,HRV,70',70,0,second half,0,0
3530,G-3530,WC-2022,2022 FIFA Men's World Cup,M-2022-27,Croatia vs Canada,2022-11-27,group stage,Group F,T-18,Croatia,HRV,1,0,P-64353,Majer,Lovro,7,T-18,Croatia,HRV,90'+4',90,4,"second half, stoppage time",0,0
3531,G-3531,WC-2022,2022 FIFA Men's World Cup,M-2022-28,Spain vs Germany,2022-11-27,group stage,Group E,T-73,Spain,ESP,1,0,P-29274,Morata,Álvaro,7,T-73,Spain,ESP,62',62,0,second half,0,0
3532,G-3532,WC-2022,2022 FIFA Men's World Cup,M-2022-28,Spain vs Germany,2022-11-27,group stage,Group E,T-31,Germany,DEU,0,1,P-46246,Füllkrug,Niclas,9,T-31,Germany,DEU,83',83,0,second half,0,0
3533,G-3533,WC-2022,2022 FIFA Men's World Cup,M-2022-29,Cameroon vs Serbia,2022-11-28,group stage,Group G,T-11,Cameroon,CMR,1,0,P-59303,Castelletto,Jean-Charles,21,T-11,Cameroon,CMR,29',29,0,first half,0,0
3534,G-3534,WC-2022,2022 FIFA Men's World Cup,M-2022-29,Cameroon vs Serbia,2022-11-28,group stage,Group G,T-66,Serbia,SRB,0,1,P-98435,Pavlović,Strahinja,2,T-66,Serbia,SRB,45'+1',45,1,"first half, stoppage time",0,0
3535,G-3535,WC-2022,2022 FIFA Men's World Cup,M-2022-29,Cameroon vs Serbia,2022-11-28,group stage,Group G,T-66,Serbia,SRB,0,1,P-27744,Milinković-Savić,Sergej,20,T-66,Serbia,SRB,45'+3',45,3,"first half, stoppage time",0,0
3536,G-3536,WC-2022,2022 FIFA Men's World Cup,M-2022-29,Cameroon vs Serbia,2022-11-28,group stage,Group G,T-66,Serbia,SRB,0,1,P-85696,Mitrović,Aleksandar,9,T-66,Serbia,SRB,53',53,0,second half,0,0
3537,G-3537,WC-2022,2022 FIFA Men's World Cup,M-2022-29,Cameroon vs Serbia,2022-11-28,group stage,Group G,T-11,Cameroon,CMR,1,0,P-53452,Aboubakar,Vincent,10,T-11,Cameroon,CMR,63',63,0,second half,0,0
3538,G-3538,WC-2022,2022 FIFA Men's World Cup,M-2022-29,Cameroon vs Serbia,2022-11-28,group stage,Group G,T-11,Cameroon,CMR,1,0,P-06117,Choupo-Moting,Eric Maxim,13,T-11,Cameroon,CMR,66',66,0,second half,0,0
3539,G-3539,WC-2022,2022 FIFA Men's World Cup,M-2022-30,South Korea vs Ghana,2022-11-28,group stage,Group H,T-32,Ghana,GHA,0,1,P-50142,Salisu,Mohammed,4,T-32,Ghana,GHA,24',24,0,first half,0,0
3540,G-3540,WC-2022,2022 FIFA Men's World Cup,M-2022-30,South Korea vs Ghana,2022-11-28,group stage,Group H,T-32,Ghana,GHA,0,1,P-23821,Kudus,Mohammed,20,T-32,Ghana,GHA,34',34,0,first half,0,0
3541,G-3541,WC-2022,2022 FIFA Men's World Cup,M-2022-30,South Korea vs Ghana,2022-11-28,group stage,Group H,T-71,South Korea,KOR,1,0,P-87169,Gue-sung,Cho,9,T-71,South Korea,KOR,58',58,0,second half,0,0
3542,G-3542,WC-2022,2022 FIFA Men's World Cup,M-2022-30,South Korea vs Ghana,2022-11-28,group stage,Group H,T-71,South Korea,KOR,1,0,P-87169,Gue-sung,Cho,9,T-71,South Korea,KOR,61',61,0,second half,0,0
3543,G-3543,WC-2022,2022 FIFA Men's World Cup,M-2022-30,South Korea vs Ghana,2022-11-28,group stage,Group H,T-32,Ghana,GHA,0,1,P-23821,Kudus,Mohammed,20,T-32,Ghana,GHA,68',68,0,second half,0,0
3544,G-3544,WC-2022,2022 FIFA Men's World Cup,M-2022-31,Brazil vs Switzerland,2022-11-28,group stage,Group G,T-09,Brazil,BRA,1,0,P-02305,Casemiro,not applicable,5,T-09,Brazil,BRA,83',83,0,second half,0,0
3545,G-3545,WC-2022,2022 FIFA Men's World Cup,M-2022-32,Portugal vs Uruguay,2022-11-28,group stage,Group H,T-58,Portugal,PRT,1,0,P-39584,Fernandes,Bruno,8,T-58,Portugal,PRT,54',54,0,second half,0,0
3546,G-3546,WC-2022,2022 FIFA Men's World Cup,M-2022-32,Portugal vs Uruguay,2022-11-28,group stage,Group H,T-58,Portugal,PRT,1,0,P-39584,Fernandes,Bruno,8,T-58,Portugal,PRT,90'+3',90,3,"second half, stoppage time",0,1
3547,G-3547,WC-2022,2022 FIFA Men's World Cup,M-2022-33,Ecuador vs Senegal,2022-11-29,group stage,Group A,T-65,Senegal,SEN,0,1,P-37935,Sarr,Ismaïla,18,T-65,Senegal,SEN,44',44,0,first half,0,1
3548,G-3548,WC-2022,2022 FIFA Men's World Cup,M-2022-33,Ecuador vs Senegal,2022-11-29,group stage,Group A,T-25,Ecuador,ECU,1,0,P-82216,Caicedo,Moisés,23,T-25,Ecuador,ECU,67',67,0,second half,0,0
3549,G-3549,WC-2022,2022 FIFA Men's World Cup,M-2022-33,Ecuador vs Senegal,2022-11-29,group stage,Group A,T-65,Senegal,SEN,0,1,P-47321,Koulibaly,Kalidou,3,T-65,Senegal,SEN,70',70,0,second half,0,0
3550,G-3550,WC-2022,2022 FIFA Men's World Cup,M-2022-34,Netherlands vs Qatar,2022-11-29,group stage,Group A,T-48,Netherlands,NLD,1,0,P-28911,Gakpo,Cody,8,T-48,Netherlands,NLD,26',26,0,first half,0,0
3551,G-3551,WC-2022,2022 FIFA Men's World Cup,M-2022-34,Netherlands vs Qatar,2022-11-29,group stage,Group A,T-48,Netherlands,NLD,1,0,P-17688,de Jong,Frenkie,21,T-48,Netherlands,NLD,49',49,0,second half,0,0
3552,G-3552,WC-2022,2022 FIFA Men's World Cup,M-2022-35,Iran vs United States,2022-11-29,group stage,Group B,T-83,United States,USA,0,1,P-11737,Pulisic,Christian,10,T-83,United States,USA,38',38,0,first half,0,0
3553,G-3553,WC-2022,2022 FIFA Men's World Cup,M-2022-36,Wales vs England,2022-11-29,group stage,Group B,T-28,England,ENG,0,1,P-59837,Rashford,Marcus,11,T-28,England,ENG,50',50,0,second half,0,0
3554,G-3554,WC-2022,2022 FIFA Men's World Cup,M-2022-36,Wales vs England,2022-11-29,group stage,Group B,T-28,England,ENG,0,1,P-10501,Foden,Phil,20,T-28,England,ENG,51',51,0,second half,0,0
3555,G-3555,WC-2022,2022 FIFA Men's World Cup,M-2022-36,Wales vs England,2022-11-29,group stage,Group B,T-28,England,ENG,0,1,P-59837,Rashford,Marcus,11,T-28,England,ENG,68',68,0,second half,0,0
3556,G-3556,WC-2022,2022 FIFA Men's World Cup,M-2022-37,Australia vs Denmark,2022-11-30,group stage,Group D,T-04,Australia,AUS,1,0,P-35837,Leckie,Mathew,7,T-04,Australia,AUS,60',60,0,second half,0,0
3557,G-3557,WC-2022,2022 FIFA Men's World Cup,M-2022-38,Tunisia vs France,2022-11-30,group stage,Group D,T-79,Tunisia,TUN,1,0,P-42223,Khazri,Wahbi,10,T-79,Tunisia,TUN,58',58,0,second half,0,0
3558,G-3558,WC-2022,2022 FIFA Men's World Cup,M-2022-39,Poland vs Argentina,2022-11-30,group stage,Group C,T-03,Argentina,ARG,0,1,P-71343,Mac Allister,Alexis,20,T-03,Argentina,ARG,46',46,0,second half,0,0
3559,G-3559,WC-2022,2022 FIFA Men's World Cup,M-2022-39,Poland vs Argentina,2022-11-30,group stage,Group C,T-03,Argentina,ARG,0,1,P-19776,Álvarez,Julián,9,T-03,Argentina,ARG,67',67,0,second half,0,0
3560,G-3560,WC-2022,2022 FIFA Men's World Cup,M-2022-40,Saudi Arabia vs Mexico,2022-11-30,group stage,Group C,T-46,Mexico,MEX,0,1,P-49482,Martín,Henry,20,T-46,Mexico,MEX,47',47,0,second half,0,0
3561,G-3561,WC-2022,2022 FIFA Men's World Cup,M-2022-40,Saudi Arabia vs Mexico,2022-11-30,group stage,Group C,T-46,Mexico,MEX,0,1,P-49806,Chávez,Luis,24,T-46,Mexico,MEX,52',52,0,second half,0,0
3562,G-3562,WC-2022,2022 FIFA Men's World Cup,M-2022-40,Saudi Arabia vs Mexico,2022-11-30,group stage,Group C,T-63,Saudi Arabia,SAU,1,0,P-70583,Al-Dawsari,Salem,10,T-63,Saudi Arabia,SAU,90'+5',90,5,"second half, stoppage time",0,0
3563,G-3563,WC-2022,2022 FIFA Men's World Cup,M-2022-41,Canada vs Morocco,2022-12-01,group stage,Group F,T-47,Morocco,MAR,0,1,P-70715,Ziyech,Hakim,7,T-47,Morocco,MAR,4',4,0,first half,0,0
3564,G-3564,WC-2022,2022 FIFA Men's World Cup,M-2022-41,Canada vs Morocco,2022-12-01,group stage,Group F,T-47,Morocco,MAR,0,1,P-42517,En-Nesyri,Youssef,19,T-47,Morocco,MAR,23',23,0,first half,0,0
3565,G-3565,WC-2022,2022 FIFA Men's World Cup,M-2022-41,Canada vs Morocco,2022-12-01,group stage,Group F,T-12,Canada,CAN,1,0,P-47490,Aguerd,Nayef,5,T-47,Morocco,MAR,40',40,0,first half,1,0
3566,G-3566,WC-2022,2022 FIFA Men's World Cup,M-2022-43,Costa Rica vs Germany,2022-12-01,group stage,Group E,T-31,Germany,DEU,0,1,P-75989,Gnabry,Serge,10,T-31,Germany,DEU,10',10,0,first half,0,0
3567,G-3567,WC-2022,2022 FIFA Men's World Cup,M-2022-43,Costa Rica vs Germany,2022-12-01,group stage,Group E,T-17,Costa Rica,CRI,1,0,P-24978,Tejeda,Yeltsin,17,T-17,Costa Rica,CRI,58',58,0,second half,0,0
3568,G-3568,WC-2022,2022 FIFA Men's World Cup,M-2022-43,Costa Rica vs Germany,2022-12-01,group stage,Group E,T-17,Costa Rica,CRI,1,0,P-65777,Vargas,Juan Pablo,3,T-17,Costa Rica,CRI,70',70,0,second half,0,0
3569,G-3569,WC-2022,2022 FIFA Men's World Cup,M-2022-43,Costa Rica vs Germany,2022-12-01,group stage,Group E,T-31,Germany,DEU,0,1,P-77743,Havertz,Kai,7,T-31,Germany,DEU,73',73,0,second half,0,0
3570,G-3570,WC-2022,2022 FIFA Men's World Cup,M-2022-43,Costa Rica vs Germany,2022-12-01,group stage,Group E,T-31,Germany,DEU,0,1,P-77743,Havertz,Kai,7,T-31,Germany,DEU,85',85,0,second half,0,0
3571,G-3571,WC-2022,2022 FIFA Men's World Cup,M-2022-43,Costa Rica vs Germany,2022-12-01,group stage,Group E,T-31,Germany,DEU,0,1,P-46246,Füllkrug,Niclas,9,T-31,Germany,DEU,89',89,0,second half,0,0
3572,G-3572,WC-2022,2022 FIFA Men's World Cup,M-2022-44,Japan vs Spain,2022-12-01,group stage,Group E,T-73,Spain,ESP,0,1,P-29274,Morata,Álvaro,7,T-73,Spain,ESP,11',11,0,first half,0,0
3573,G-3573,WC-2022,2022 FIFA Men's World Cup,M-2022-44,Japan vs Spain,2022-12-01,group stage,Group E,T-44,Japan,JPN,1,0,P-58907,Dōan,Ritsu,8,T-44,Japan,JPN,48',48,0,second half,0,0
3574,G-3574,WC-2022,2022 FIFA Men's World Cup,M-2022-44,Japan vs Spain,2022-12-01,group stage,Group E,T-44,Japan,JPN,1,0,P-82447,Tanaka,Ao,17,T-44,Japan,JPN,51',51,0,second half,0,0
3575,G-3575,WC-2022,2022 FIFA Men's World Cup,M-2022-45,Ghana vs Uruguay,2022-12-02,group stage,Group H,T-84,Uruguay,URY,0,1,P-62594,De Arrascaeta,Giorgian,10,T-84,Uruguay,URY,26',26,0,first half,0,0
3576,G-3576,WC-2022,2022 FIFA Men's World Cup,M-2022-45,Ghana vs Uruguay,2022-12-02,group stage,Group H,T-84,Uruguay,URY,0,1,P-62594,De Arrascaeta,Giorgian,10,T-84,Uruguay,URY,32',32,0,first half,0,0
3577,G-3577,WC-2022,2022 FIFA Men's World Cup,M-2022-46,South Korea vs Portugal,2022-12-02,group stage,Group H,T-58,Portugal,PRT,0,1,P-05304,Horta,Ricardo,21,T-58,Portugal,PRT,5',5,0,first half,0,0
3578,G-3578,WC-2022,2022 FIFA Men's World Cup,M-2022-46,South Korea vs Portugal,2022-12-02,group stage,Group H,T-71,South Korea,KOR,1,0,P-07259,Kim,Young-gwon,19,T-71,South Korea,KOR,27',27,0,first half,0,0
3579,G-3579,WC-2022,2022 FIFA Men's World Cup,M-2022-46,South Korea vs Portugal,2022-12-02,group stage,Group H,T-71,South Korea,KOR,1,0,P-58692,Hwang,Hee-chan,11,T-71,South Korea,KOR,90'+1',90,1,"second half, stoppage time",0,0
3580,G-3580,WC-2022,2022 FIFA Men's World Cup,M-2022-47,Cameroon vs Brazil,2022-12-02,group stage,Group G,T-11,Cameroon,CMR,1,0,P-53452,Aboubakar,Vincent,10,T-11,Cameroon,CMR,90'+2',90,2,"second half, stoppage time",0,0
3581,G-3581,WC-2022,2022 FIFA Men's World Cup,M-2022-48,Serbia vs Switzerland,2022-12-02,group stage,Group G,T-75,Switzerland,CHE,0,1,P-39460,Shaqiri,Xherdan,23,T-75,Switzerland,CHE,20',20,0,first half,0,0
3582,G-3582,WC-2022,2022 FIFA Men's World Cup,M-2022-48,Serbia vs Switzerland,2022-12-02,group stage,Group G,T-66,Serbia,SRB,1,0,P-85696,Mitrović,Aleksandar,9,T-66,Serbia,SRB,26',26,0,first half,0,0
3583,G-3583,WC-2022,2022 FIFA Men's World Cup,M-2022-48,Serbia vs Switzerland,2022-12-02,group stage,Group G,T-66,Serbia,SRB,1,0,P-63293,Vlahović,Dušan,18,T-66,Serbia,SRB,35',35,0,first half,0,0
3584,G-3584,WC-2022,2022 FIFA Men's World Cup,M-2022-48,Serbia vs Switzerland,2022-12-02,group stage,Group G,T-75,Switzerland,CHE,0,1,P-19075,Embolo,Breel,7,T-75,Switzerland,CHE,44',44,0,first half,0,0
3585,G-3585,WC-2022,2022 FIFA Men's World Cup,M-2022-48,Serbia vs Switzerland,2022-12-02,group stage,Group G,T-75,Switzerland,CHE,0,1,P-68060,Freuler,Remo,8,T-75,Switzerland,CHE,48',48,0,second half,0,0
3586,G-3586,WC-2022,2022 FIFA Men's World Cup,M-2022-49,Netherlands vs United States,2022-12-03,round of 16,not applicable,T-48,Netherlands,NLD,1,0,P-27540,Depay,Memphis,10,T-48,Netherlands,NLD,10',10,0,first half,0,0
3587,G-3587,WC-2022,2022 FIFA Men's World Cup,M-2022-49,Netherlands vs United States,2022-12-03,round of 16,not applicable,T-48,Netherlands,NLD,1,0,P-39861,Blind,Daley,17,T-48,Netherlands,NLD,45'+1',45,1,"first half, stoppage time",0,0
3588,G-3588,WC-2022,2022 FIFA Men's World Cup,M-2022-49,Netherlands vs United States,2022-12-03,round of 16,not applicable,T-83,United States,USA,0,1,P-68131,Wright,Haji,19,T-83,United States,USA,76',76,0,second half,0,0
3589,G-3589,WC-2022,2022 FIFA Men's World Cup,M-2022-49,Netherlands vs United States,2022-12-03,round of 16,not applicable,T-48,Netherlands,NLD,1,0,P-97615,Dumfries,Denzel,22,T-48,Netherlands,NLD,81',81,0,second half,0,0
3590,G-3590,WC-2022,2022 FIFA Men's World Cup,M-2022-50,Argentina vs Australia,2022-12-03,round of 16,not applicable,T-03,Argentina,ARG,1,0,P-14758,Messi,Lionel,10,T-03,Argentina,ARG,35',35,0,first half,0,0
3591,G-3591,WC-2022,2022 FIFA Men's World Cup,M-2022-50,Argentina vs Australia,2022-12-03,round of 16,not applicable,T-03,Argentina,ARG,1,0,P-19776,Álvarez,Julián,9,T-03,Argentina,ARG,57',57,0,second half,0,0
3592,G-3592,WC-2022,2022 FIFA Men's World Cup,M-2022-50,Argentina vs Australia,2022-12-03,round of 16,not applicable,T-04,Australia,AUS,0,1,P-10739,Fernández,Enzo,24,T-03,Argentina,ARG,77',77,0,second half,1,0
3593,G-3593,WC-2022,2022 FIFA Men's World Cup,M-2022-51,France vs Poland,2022-12-04,round of 16,not applicable,T-30,France,FRA,1,0,P-89750,Giroud,Olivier,9,T-30,France,FRA,44',44,0,first half,0,0
3594,G-3594,WC-2022,2022 FIFA Men's World Cup,M-2022-51,France vs Poland,2022-12-04,round of 16,not applicable,T-30,France,FRA,1,0,P-64077,Mbappé,Kylian,10,T-30,France,FRA,74',74,0,second half,0,0
3595,G-3595,WC-2022,2022 FIFA Men's World Cup,M-2022-51,France vs Poland,2022-12-04,round of 16,not applicable,T-30,France,FRA,1,0,P-64077,Mbappé,Kylian,10,T-30,France,FRA,90'+1',90,1,"second half, stoppage time",0,0
3596,G-3596,WC-2022,2022 FIFA Men's World Cup,M-2022-51,France vs Poland,2022-12-04,round of 16,not applicable,T-57,Poland,POL,0,1,P-00549,Lewandowski,Robert,9,T-57,Poland,POL,90'+9',90,9,"second half, stoppage time",0,1
3597,G-3597,WC-2022,2022 FIFA Men's World Cup,M-2022-52,England vs Senegal,2022-12-04,round of 16,not applicable,T-28,England,ENG,1,0,P-08169,Henderson,Jordan,8,T-28,England,ENG,38',38,0,first half,0,0
3598,G-3598,WC-2022,2022 FIFA Men's World Cup,M-2022-52,England vs Senegal,2022-12-04,round of 16,not applicable,T-28,England,ENG,1,0,P-58924,Kane,Harry,9,T-28,England,ENG,45'+3',45,3,"first half, stoppage time",0,0
3599,G-3599,WC-2022,2022 FIFA Men's World Cup,M-2022-52,England vs Senegal,2022-12-04,round of 16,not applicable,T-28,England,ENG,1,0,P-76842,Saka,Bukayo,17,T-28,England,ENG,57',57,0,second half,0,0
3600,G-3600,WC-2022,2022 FIFA Men's World Cup,M-2022-53,Japan vs Croatia,2022-12-05,round of 16,not applicable,T-44,Japan,JPN,1,0,P-30206,Maeda,Daizen,25,T-44,Japan,JPN,43',43,0,first half,0,0
3601,G-3601,WC-2022,2022 FIFA Men's World Cup,M-2022-53,Japan vs Croatia,2022-12-05,round of 16,not applicable,T-18,Croatia,HRV,0,1,P-93884,Perišić,Ivan,4,T-18,Croatia,HRV,55',55,0,second half,0,0
3602,G-3602,WC-2022,2022 FIFA Men's World Cup,M-2022-54,Brazil vs South Korea,2022-12-05,round of 16,not applicable,T-09,Brazil,BRA,1,0,P-92812,Júnior,Vinícius,20,T-09,Brazil,BRA,7',7,0,first half,0,0
3603,G-3603,WC-2022,2022 FIFA Men's World Cup,M-2022-54,Brazil vs South Korea,2022-12-05,round of 16,not applicable,T-09,Brazil,BRA,1,0,P-87008,Neymar,not applicable,10,T-09,Brazil,BRA,13',13,0,first half,0,1
3604,G-3604,WC-2022,2022 FIFA Men's World Cup,M-2022-54,Brazil vs South Korea,2022-12-05,round of 16,not applicable,T-09,Brazil,BRA,1,0,P-68016,Richarlison,not applicable,9,T-09,Brazil,BRA,29',29,0,first half,0,0
3605,G-3605,WC-2022,2022 FIFA Men's World Cup,M-2022-54,Brazil vs South Korea,2022-12-05,round of 16,not applicable,T-09,Brazil,BRA,1,0,P-05164,Paquetá,Lucas,7,T-09,Brazil,BRA,36',36,0,first half,0,0
3606,G-3606,WC-2022,2022 FIFA Men's World Cup,M-2022-54,Brazil vs South Korea,2022-12-05,round of 16,not applicable,T-71,South Korea,KOR,0,1,P-32599,Seung-ho,Paik,8,T-71,South Korea,KOR,76',76,0,second half,0,0
3607,G-3607,WC-2022,2022 FIFA Men's World Cup,M-2022-56,Portugal vs Switzerland,2022-12-06,round of 16,not applicable,T-58,Portugal,PRT,1,0,P-41647,Ramos,Gonçalo,26,T-58,Portugal,PRT,17',17,0,first half,0,0
3608,G-3608,WC-2022,2022 FIFA Men's World Cup,M-2022-56,Portugal vs Switzerland,2022-12-06,round of 16,not applicable,T-58,Portugal,PRT,1,0,P-81972,Pepe,not applicable,3,T-58,Portugal,PRT,33',33,0,first half,0,0
3609,G-3609,WC-2022,2022 FIFA Men's World Cup,M-2022-56,Portugal vs Switzerland,2022-12-06,round of 16,not applicable,T-58,Portugal,PRT,1,0,P-41647,Ramos,Gonçalo,26,T-58,Portugal,PRT,51',51,0,second half,0,0
3610,G-3610,WC-2022,2022 FIFA Men's World Cup,M-2022-56,Portugal vs Switzerland,2022-12-06,round of 16,not applicable,T-58,Portugal,PRT,1,0,P-67578,Guerreiro,Raphaël,5,T-58,Portugal,PRT,55',55,0,second half,0,0
3611,G-3611,WC-2022,2022 FIFA Men's World Cup,M-2022-56,Portugal vs Switzerland,2022-12-06,round of 16,not applicable,T-75,Switzerland,CHE,0,1,P-23925,Akanji,Manuel,5,T-75,Switzerland,CHE,58',58,0,second half,0,0
3612,G-3612,WC-2022,2022 FIFA Men's World Cup,M-2022-56,Portugal vs Switzerland,2022-12-06,round of 16,not applicable,T-58,Portugal,PRT,1,0,P-41647,Ramos,Gonçalo,26,T-58,Portugal,PRT,67',67,0,second half,0,0
3613,G-3613,WC-2022,2022 FIFA Men's World Cup,M-2022-56,Portugal vs Switzerland,2022-12-06,round of 16,not applicable,T-58,Portugal,PRT,1,0,P-27349,Leão,Rafael,15,T-58,Portugal,PRT,90'+2',90,2,"second half, stoppage time",0,0
3614,G-3614,WC-2022,2022 FIFA Men's World Cup,M-2022-57,Croatia vs Brazil,2022-12-09,quarter-finals,not applicable,T-09,Brazil,BRA,0,1,P-87008,Neymar,not applicable,10,T-09,Brazil,BRA,105'+1',105,1,"extra time, first half, stoppage time",0,0
3615,G-3615,WC-2022,2022 FIFA Men's World Cup,M-2022-57,Croatia vs Brazil,2022-12-09,quarter-finals,not applicable,T-18,Croatia,HRV,1,0,P-46461,Petković,Bruno,16,T-18,Croatia,HRV,117',117,0,"extra time, second half",0,0
3616,G-3616,WC-2022,2022 FIFA Men's World Cup,M-2022-58,Netherlands vs Argentina,2022-12-09,quarter-finals,not applicable,T-03,Argentina,ARG,0,1,P-84430,Molina,Nahuel,26,T-03,Argentina,ARG,35',35,0,first half,0,0
3617,G-3617,WC-2022,2022 FIFA Men's World Cup,M-2022-58,Netherlands vs Argentina,2022-12-09,quarter-finals,not applicable,T-03,Argentina,ARG,0,1,P-14758,Messi,Lionel,10,T-03,Argentina,ARG,73',73,0,second half,0,1
3618,G-3618,WC-2022,2022 FIFA Men's World Cup,M-2022-58,Netherlands vs Argentina,2022-12-09,quarter-finals,not applicable,T-48,Netherlands,NLD,1,0,P-95036,Weghorst,Wout,19,T-48,Netherlands,NLD,83',83,0,second half,0,0
3619,G-3619,WC-2022,2022 FIFA Men's World Cup,M-2022-58,Netherlands vs Argentina,2022-12-09,quarter-finals,not applicable,T-48,Netherlands,NLD,1,0,P-95036,Weghorst,Wout,19,T-48,Netherlands,NLD,90'+11',90,11,"second half, stoppage time",0,0
3620,G-3620,WC-2022,2022 FIFA Men's World Cup,M-2022-59,Morocco vs Portugal,2022-12-10,quarter-finals,not applicable,T-47,Morocco,MAR,1,0,P-42517,En-Nesyri,Youssef,19,T-47,Morocco,MAR,42',42,0,first half,0,0
3621,G-3621,WC-2022,2022 FIFA Men's World Cup,M-2022-60,England vs France,2022-12-10,quarter-finals,not applicable,T-30,France,FRA,0,1,P-54517,Tchouaméni,Aurélien,8,T-30,France,FRA,17',17,0,first half,0,0
3622,G-3622,WC-2022,2022 FIFA Men's World Cup,M-2022-60,England vs France,2022-12-10,quarter-finals,not applicable,T-28,England,ENG,1,0,P-58924,Kane,Harry,9,T-28,England,ENG,54',54,0,second half,0,1
3623,G-3623,WC-2022,2022 FIFA Men's World Cup,M-2022-60,England vs France,2022-12-10,quarter-finals,not applicable,T-30,France,FRA,0,1,P-89750,Giroud,Olivier,9,T-30,France,FRA,78',78,0,second half,0,0
3624,G-3624,WC-2022,2022 FIFA Men's World Cup,M-2022-61,Argentina vs Croatia,2022-12-13,semi-finals,not applicable,T-03,Argentina,ARG,1,0,P-14758,Messi,Lionel,10,T-03,Argentina,ARG,34',34,0,first half,0,1
3625,G-3625,WC-2022,2022 FIFA Men's World Cup,M-2022-61,Argentina vs Croatia,2022-12-13,semi-finals,not applicable,T-03,Argentina,ARG,1,0,P-19776,Álvarez,Julián,9,T-03,Argentina,ARG,39',39,0,first half,0,0
3626,G-3626,WC-2022,2022 FIFA Men's World Cup,M-2022-61,Argentina vs Croatia,2022-12-13,semi-finals,not applicable,T-03,Argentina,ARG,1,0,P-19776,Álvarez,Julián,9,T-03,Argentina,ARG,69',69,0,second half,0,0
3627,G-3627,WC-2022,2022 FIFA Men's World Cup,M-2022-62,France vs Morocco,2022-12-14,semi-finals,not applicable,T-30,France,FRA,1,0,P-09867,Hernandez,Théo,22,T-30,France,FRA,5',5,0,first half,0,0
3628,G-3628,WC-2022,2022 FIFA Men's World Cup,M-2022-62,France vs Morocco,2022-12-14,semi-finals,not applicable,T-30,France,FRA,1,0,P-92987,Kolo Muani,Randal,12,T-30,France,FRA,79',79,0,second half,0,0
3629,G-3629,WC-2022,2022 FIFA Men's World Cup,M-2022-63,Croatia vs Morocco,2022-12-17,third-place match,not applicable,T-18,Croatia,HRV,1,0,P-58420,Gvardiol,Joško,20,T-18,Croatia,HRV,7',7,0,first half,0,0
3630,G-3630,WC-2022,2022 FIFA Men's World Cup,M-2022-63,Croatia vs Morocco,2022-12-17,third-place match,not applicable,T-47,Morocco,MAR,0,1,P-52013,Dari,Achraf,20,T-47,Morocco,MAR,9',9,0,first half,0,0
3631,G-3631,WC-2022,2022 FIFA Men's World Cup,M-2022-63,Croatia vs Morocco,2022-12-17,third-place match,not applicable,T-18,Croatia,HRV,1,0,P-26942,Oršić,Mislav,18,T-18,Croatia,HRV,42',42,0,first half,0,0
3632,G-3632,WC-2022,2022 FIFA Men's World Cup,M-2022-64,Argentina vs France,2022-12-18,final,not applicable,T-03,Argentina,ARG,1,0,P-14758,Messi,Lionel,10,T-03,Argentina,ARG,23',23,0,first half,0,1
3633,G-3633,WC-2022,2022 FIFA Men's World Cup,M-2022-64,Argentina vs France,2022-12-18,final,not applicable,T-03,Argentina,ARG,1,0,P-42113,Di María,Ángel,11,T-03,Argentina,ARG,36',36,0,first half,0,0
3634,G-3634,WC-2022,2022 FIFA Men's World Cup,M-2022-64,Argentina vs France,2022-12-18,final,not applicable,T-30,France,FRA,0,1,P-64077,Mbappé,Kylian,10,T-30,France,FRA,80',80,0,second half,0,1
3635,G-3635,WC-2022,2022 FIFA Men's World Cup,M-2022-64,Argentina vs France,2022-12-18,final,not applicable,T-30,France,FRA,0,1,P-64077,Mbappé,Kylian,10,T-30,France,FRA,81',81,0,second half,0,0
3636,G-3636,WC-2022,2022 FIFA Men's World Cup,M-2022-64,Argentina vs France,2022-12-18,final,not applicable,T-03,Argentina,ARG,1,0,P-14758,Messi,Lionel,10,T-03,Argentina,ARG,108',108,0,"extra time, second half",0,0
3637,G-3637,WC-2022,2022 FIFA Men's World Cup,M-2022-64,Argentina vs France,2022-12-18,final,not applicable,T-30,France,FRA,0,1,P-64077,Mbappé,Kylian,10,T-30,France,FRA,118',118,0,"extra time, second half",0,1
