key_id,team_id,team_name,team_code,mens_team,womens_team,federation_name,region_name,confederation_id,confederation_name,confederation_code,mens_team_wikipedia_link,womens_team_wikipedia_link,federation_wikipedia_link
3,T-03,Argentina,ARG,1,1,Argentine Football Association,South America,CF-4,South American Football Confederation,CONMEBOL,https://en.wikipedia.org/wiki/Argentina_national_football_team,https://en.wikipedia.org/wiki/Argentina_women's_national_football_team,https://en.wikipedia.org/wiki/Argentine_Football_Association
4,T-04,Australia,AUS,1,1,Football Australia,Oceania,CF-1,Asian Football Confederation,AFC,https://en.wikipedia.org/wiki/Australia_men%27s_national_soccer_team,https://en.wikipedia.org/wiki/Australia_women's_national_soccer_team,https://en.wikipedia.org/wiki/Football_Australia
6,T-06,Belgium,BEL,1,0,Royal Belgian Football Association,Europe,CF-6,Union of European Football Associations,UEFA,https://en.wikipedia.org/wiki/Belgium_national_football_team,not applicable,https://en.wikipedia.org/wiki/Royal_Belgian_Football_Association
9,T-09,Brazil,BRA,1,1,Brazilian Football Confederation,South America,CF-4,South American Football Confederation,CONMEBOL,https://en.wikipedia.org/wiki/Brazil_national_football_team,https://en.wikipedia.org/wiki/Brazil_women's_national_football_team,https://en.wikipedia.org/wiki/Brazilian_Football_Confederation
11,T-11,Cameroon,CMR,1,1,Cameroonian Football Federation,Africa,CF-2,Confederation of African Football,CAF,https://en.wikipedia.org/wiki/Cameroon_national_football_team,https://en.wikipedia.org/wiki/Cameroon_women's_national_football_team,https://en.wikipedia.org/wiki/Cameroonian_Football_Federation
12,T-12,Canada,CAN,1,1,Canadian Soccer Association,North America,CF-3,"Confederation of North, Central American and Caribbean Association Football",CONCACAF,https://en.wikipedia.org/wiki/Canada_men%27s_national_soccer_team,https://en.wikipedia.org/wiki/Canada_women's_national_soccer_team,https://en.wikipedia.org/wiki/Canadian_Soccer_Association
17,T-17,Costa Rica,CRI,1,1,Costa Rican Football Federation,Central America,CF-3,"Confederation of North, Central American and Caribbean Association Football",CONCACAF,https://en.wikipedia.org/wiki/Costa_Rica_national_football_team,https://en.wikipedia.org/wiki/Costa_Rica_women's_national_football_team,https://en.wikipedia.org/wiki/Costa_Rican_Football_Federation
18,T-18,Croatia,HRV,1,0,Croatian Football Federation,Europe,CF-6,Union of European Football Associations,UEFA,https://en.wikipedia.org/wiki/Croatia_national_football_team,not applicable,https://en.wikipedia.org/wiki/Croatian_Football_Federation
22,T-22,Denmark,DNK,1,1,Danish Football Association,Europe,CF-6,Union of European Football Associations,UEFA,https://en.wikipedia.org/wiki/Denmark_national_football_team,https://en.wikipedia.org/wiki/Denmark_women's_national_football_team,https://en.wikipedia.org/wiki/Danish_Football_Association
25,T-25,Ecuador,ECU,1,1,Ecuadorian Football Federation,South America,CF-4,South American Football Confederation,CONMEBOL,https://en.wikipedia.org/wiki/Ecuador_national_football_team,https://en.wikipedia.org/wiki/Ecuador_women's_national_football_team,https://en.wikipedia.org/wiki/Ecuadorian_Football_Federation
28,T-28,England,ENG,1,1,The Football Association,Europe,CF-6,Union of European Football Associations,UEFA,https://en.wikipedia.org/wiki/England_national_football_team,https://en.wikipedia.org/wiki/England_women's_national_football_team,https://en.wikipedia.org/wiki/The_Football_Association
30,T-30,France,FRA,1,1,French Football Association,Europe,CF-6,Union of European Football Associations,UEFA,https://en.wikipedia.org/wiki/France_national_football_team,https://en.wikipedia.org/wiki/France_women's_national_football_team,https://en.wikipedia.org/wiki/French_Football_Federation
31,T-31,Germany,DEU,1,1,Germany Football Association,Europe,CF-6,Union of European Football Associations,UEFA,https://en.wikipedia.org/wiki/Germany_national_football_team,https://en.wikipedia.org/wiki/Germany_women's_national_football_team,https://en.wikipedia.org/wiki/German_Football_Association
32,T-32,Ghana,GHA,1,1,Ghana Football Association,Africa,CF-2,Confederation of African Football,CAF,https://en.wikipedia.org/wiki/Ghana_national_football_team,https://en.wikipedia.org/wiki/Ghana_women's_national_football_team,https://en.wikipedia.org/wiki/Ghana_Football_Association
38,T-38,Iran,IRN,1,0,Football Federation Islamic Republic of Iran,Middle East,CF-1,Asian Football Confederation,AFC,https://en.wikipedia.org/wiki/Iran_national_football_team,not applicable,https://en.wikipedia.org/wiki/Football_Federation_Islamic_Republic_of_Iran
44,T-44,Japan,JPN,1,1,Japan Football Association,East Asia,CF-1,Asian Football Confederation,AFC,https://en.wikipedia.org/wiki/Japan_national_football_team,https://en.wikipedia.org/wiki/Japan_women's_national_football_team,https://en.wikipedia.org/wiki/Japan_Football_Association
46,T-46,Mexico,MEX,1,1,Mexican Football Federation,North America,CF-3,"Confederation of North, Central American and Caribbean Association Football",CONCACAF,https://en.wikipedia.org/wiki/Mexico_national_football_team,https://en.wikipedia.org/wiki/Mexico_women's_national_football_team,https://en.wikipedia.org/wiki/Mexican_Football_Federation
47,T-47,Morocco,MAR,1,0,Royal Moroccan Football Federation,Africa,CF-2,Confederation of African Football,CAF,https://en.wikipedia.org/wiki/Morocco_national_football_team,not applicable,https://en.wikipedia.org/wiki/Royal_Moroccan_Football_Federation
48,T-48,Netherlands,NLD,1,1,Royal Dutch Football Association,Europe,CF-6,Union of European Football Associations,UEFA,https://en.wikipedia.org/wiki/Netherlands_national_football_team,https://en.wikipedia.org/wiki/Netherlands_women's_national_football_team,https://en.wikipedia.org/wiki/Royal_Dutch_Football_Association
57,T-57,Poland,POL,1,0,Polish Football Association,Europe,CF-6,Union of European Football Associations,UEFA,https://en.wikipedia.org/wiki/Poland_national_football_team,not applicable,https://en.wikipedia.org/wiki/Polish_Football_Association
58,T-58,Portugal,PRT,1,0,Portuguese Football Federation,Europe,CF-6,Union of European Football Associations,UEFA,https://en.wikipedia.org/wiki/Portugal_national_football_team,not applicable,https://en.wikipedia.org/wiki/Portuguese_Football_Federation
59,T-59,Qatar,QAT,1,0,Qatar Football Association,Middle East,CF-1,Asian Football Confederation,AFC,https://en.wikipedia.org/wiki/Qatar_national_football_team,not applicable,https://en.wikipedia.org/wiki/Qatar_Football_Association
63,T-63,Saudi Arabia,SAU,1,0,Saudi Arabian Football Association,Middle East,CF-1,Asian Football Confederation,AFC,https://en.wikipedia.org/wiki/Saudi_Arabia_national_football_team,not applicable,https://en.wikipedia.org/wiki/Saudi_Arabian_Football_Federation
65,T-65,Senegal,SEN,1,0,Senegalese Football Federation,Africa,CF-2,Confederation of African Football,CAF,https://en.wikipedia.org/wiki/Senegal_national_football_team,not applicable,https://en.wikipedia.org/wiki/Senegalese_Football_Federation
66,T-66,Serbia,SRB,1,0,Football Association of Serbia,Europe,CF-6,Union of European Football Associations,UEFA,https://en.wikipedia.org/wiki/Serbia_national_football_team,not applicable,https://en.wikipedia.org/wiki/Football_Association_of_Serbia
71,T-71,South Korea,KOR,1,1,Korea Football Association,East Asia,CF-1,Asian Football Confederation,AFC,https://en.wikipedia.org/wiki/South_Korea_national_football_team,https://en.wikipedia.org/wiki/South_Korea_women's_national_football_team,https://en.wikipedia.org/wiki/Korea_Football_Association
73,T-73,Spain,ESP,1,1,Royal Spanish Football Federation,Europe,CF-6,Union of European Football Associations,UEFA,https://en.wikipedia.org/wiki/Spain_national_football_team,https://en.wikipedia.org/wiki/Spain_women's_national_football_team,https://en.wikipedia.org/wiki/Royal_Spanish_Football_Federation
75,T-75,Switzerland,CHE,1,1,Swiss Football Association,Europe,CF-6,Union of European Football Associations,UEFA,https://en.wikipedia.org/wiki/Switzerland_national_football_team,https://en.wikipedia.org/wiki/Switzerland_women's_national_football_team,https://en.wikipedia.org/wiki/Swiss_Football_Association
79,T-79,Tunisia,TUN,1,0,Tunisian Football Federation,Africa,CF-2,Confederation of African Football,CAF,https://en.wikipedia.org/wiki/Tunisia_national_football_team,not applicable,https://en.wikipedia.org/wiki/Tunisian_Football_Federation
83,T-83,United States,USA,1,1,United States Soccer Federation,North America,CF-3,"Confederation of North, Central American and Caribbean Association Football",CONCACAF,https://en.wikipedia.org/wiki/United_States_men%27s_national_soccer_team,https://en.wikipedia.org/wiki/United_States_women's_national_soccer_team,https://en.wikipedia.org/wiki/United_States_Soccer_Federation
84,T-84,Uruguay,URY,1,0,Uruguayan Football Association,South America,CF-4,South American Football Confederation,CONMEBOL,https://en.wikipedia.org/wiki/Uruguay_national_football_team,not applicable,https://en.wikipedia.org/wiki/Uruguayan_Football_Association
85,T-85,Wales,WAL,1,0,Football Association of Wales,Europe,CF-6,Union of European Football Associations,UEFA,https://en.wikipedia.org/wiki/Wales_national_football_team,not applicable,https://en.wikipedia.org/wiki/Football_Association_of_Wales
